product_code,division,category,product,variant,product_id,read_timestamp,file_name,file_size
e91ba9d665f90254da5809bfdebe3db2be01a52f50b6fd96b57eed238392b843,Nutrition Bars,Energy Bars,SportsBar Energy Bar Choco Fudge (60g),60g,25891101,2026-06-08 19:20:24.421115,products.csv,
e92c739a8d78cd6cbe954648c2f9dd75ed61fcfd99b03e10dca65c3082d0728e,Nutrition Bars,Energy Bars,SportsBar Energy Bar Choco Fudge (40g),40g,25891102,2026-06-08 19:20:24.421115,products.csv,
102628255d24304d6bbe0438b1ac992054f262e0814d306d0a34d7356cef3268,Nutrition Bars,Energy Bars,SportsBar Energy Bar Choco Fudge (25g),25g,25891103,2026-06-08 19:20:24.421115,products.csv,
2e387cef1424d6e7b162b45622d4b1a788d11776e33d05cc8552f4ecd2ea1896,Nutrition Bars,Protein Bars,SportsBar Protein Bar Peanut Crunch (45g),45g,25891201,2026-06-08 19:20:24.421115,products.csv,
0cb7b2f42657b625f754e833aa1cf6a967be26f17415f5342302ebb0e90c8a28,Nutrition Bars,Protein Bars,SportsBar Protein Bar Peanut Crunch (55g),55g,25891202,2026-06-08 19:20:24.421115,products.csv,
889c67757ece9c973791dfbc2d47b026a3342cc7255e47a3170329d158e897c2,Nutrition Bars,Protein Bars,SportsBar Protein Bar Peanut Crunch (65g),65g,25891203,2026-06-08 19:20:24.421115,products.csv,
3cab59f05924285270313afcfe40a08983bb03dd88f432e34fc6336914c14345,Breakfast Foods,Granola & Cereals,SportsBar Granola Crunch Honey Almond (400g),400g,25891301,2026-06-08 19:20:24.421115,products.csv,
d9ebd1ca64d23951a6310af93b1c5ac27d831ac842e89aea59a9e8b38621faa5,Breakfast Foods,Granola & Cereals,SportsBar Granola Crunch Honey Almond (300g),300g,25891302,2026-06-08 19:20:24.421115,products.csv,
c68834ceaff15846bc1892c2185dc4e4f471d64fe3796b1a8ecc39a5a48c614f,Breakfast Foods,Granola & Cereals,SportsBar Granola Crunch Honey Almond (200g),200g,25891303,2026-06-08 19:20:24.421115,products.csv,
da6bfc596c1360ca07bda4e0ae6bfe3b8456517fc6e8ddc265630ff940f9ab05,Dairy & Recovery,Recovery Dairy,SportsBar Greek Yogurt Pro Vanilla (200g),200g,25891401,2026-06-08 19:20:24.421115,products.csv,
fe5a8036be4b9a787b7c0ae013fc752a8cfb6c55a2f7b2fd152a6380925e9c49,Dairy & Recovery,Recovery Dairy,SportsBar Greek Yogurt Pro Vanilla (120g),120g,25891402,2026-06-08 19:20:24.421115,products.csv,
77b6f538a9d0e0cf845db5c2cbecec46fdd30303b501e06f64baf1d4dc0e66f9,Dairy & Recovery,Recovery Dairy,SportsBar Greek Yogurt Pro Vanilla (80g),80g,25891403,2026-06-08 19:20:24.421115,products.csv,
ee1f7df9cf660ef02c33037d8d6eb94cbefe8e7b84c306e9387f09b0cae0abae,Healthy Snacks,Healthy Snacks,SportsBar Oats Cookie Bites ChocoChip (500g),500g,25891501,2026-06-08 19:20:24.421115,products.csv,
5931334e4cbe6b3792c209e8394e87aa21b83816b47d99375e4ff25e651ce63a,Healthy Snacks,Healthy Snacks,SportsBar Oats Cookie Bites ChocoChip (350g),350g,999999,2026-06-08 19:20:24.421115,products.csv,
062f5574bbdf4386b2c7c6075483b417b4a00b172fcba919dbba7dae1b774379,Healthy Snacks,Healthy Snacks,SportsBar Oats Cookie Bites ChocoChip (180g),180g,25891503,2026-06-08 19:20:24.421115,products.csv,
716fa4e54b7894c910180276e0535d49afb25cdcfac09533fb74ae00689e5742,Hydration & Electrolytes,Electrolyte Mix,SportsBar Electrolyte Mix Lemon-Lime (30 Sachets),30 Sachets,25891601,2026-06-08 19:20:24.421115,products.csv,
778c2a7aa27bfdb211fd5ece048de80d00fbf3d6924bd908d91054796ba16ab6,Hydration & Electrolytes,Electrolyte Mix,SportsBar Electrolyte Mix Lemon-Lime (15 Sachets),15 Sachets,25891602,2026-06-08 19:20:24.421115,products.csv,
451f7167b28a25bde73995910e31c07dfa26411f1db47847f19e16747effbdaa,Hydration & Electrolytes,Electrolyte Mix,SportsBar Electrolyte Mix Lemon-Lime (5 Sachets),5 Sachets,25891603,2026-06-08 19:20:24.421115,products.csv,
